<?xml version="1.0"?>
<!--<!DOCTYPE metadata SYSTEM "http://www.esri.com/metadata/esriprof80.dtd">-->
<metadata xml:lang="en"><Esri><CreaDate>20141216</CreaDate><CreaTime>16440800</CreaTime><SyncOnce>TRUE</SyncOnce><DataProperties><lineage><Process ToolSource="C:\Program Files\ArcGIS\ArcToolbox\Toolboxes\Conversion Tools.tbx\RasterToPolygon" Date="20120125" Time="164015">RasterToPolygon Z:/Cotter/GIS/DEM/100819_DEM/120124_updated/Corin_catchment_null.tif Z:\Cotter\GIS\DEM\100819_DEM\120124_updated\Corin_catchment_null.shp SIMPLIFY VALUE</Process><Process ToolSource="c:\program files (x86)\arcgis\desktop10.0\ArcToolbox\Toolboxes\Data Management Tools.tbx\Project" Date="20120907" Time="181135">Project "G:\My_PROJECT\Data\GIS\FINAL CATCHMENT BOUNDARIES\corin_catchment_null.shp" "G:\My_PROJECT\Data\GIS\FINAL CATCHMENT BOUNDARIES\corin_catchment_proj.shp" PROJCS['GDA_1994_MGA_Zone_56',GEOGCS['GCS_GDA_1994',DATUM['D_GDA_1994',SPHEROID['GRS_1980',6378137.0,298.257222101]],PRIMEM['Greenwich',0.0],UNIT['Degree',0.0174532925199433]],PROJECTION['Transverse_Mercator'],PARAMETER['False_Easting',500000.0],PARAMETER['False_Northing',10000000.0],PARAMETER['Central_Meridian',153.0],PARAMETER['Scale_Factor',0.9996],PARAMETER['Latitude_Of_Origin',0.0],UNIT['Meter',1.0]] GDA_1994_To_WGS_1984 #</Process><Process ToolSource="c:\program files (x86)\arcgis\desktop10.1\ArcToolbox\Toolboxes\Data Management Tools.tbx\Project" Date="20141216" Time="164409">Project Corin C:\WorkPlace\TEMPORARY\Corin\corin_pro.shp GEOGCS['GCS_WGS_1984',DATUM['D_WGS_1984',SPHEROID['WGS_1984',6378137.0,298.257223563]],PRIMEM['Greenwich',0.0],UNIT['Degree',0.0174532925199433],METADATA['World',-180.0,-90.0,180.0,90.0,0.0,0.0174532925199433,0.0,1262]] 'TMMGA + GDA_1994_To_WGS_1984' PROJCS['GDA_1994_MGA_Zone_56',GEOGCS['GCS_GDA_1994',DATUM['D_GDA_1994',SPHEROID['GRS_1980',6378137.0,298.257222101]],PRIMEM['Greenwich',0.0],UNIT['Degree',0.0174532925199433]],PROJECTION['Transverse_Mercator'],PARAMETER['False_Easting',500000.0],PARAMETER['False_Northing',10000000.0],PARAMETER['Central_Meridian',153.0],PARAMETER['Scale_Factor',0.9996],PARAMETER['Latitude_Of_Origin',0.0],UNIT['Meter',1.0]]</Process></lineage><itemProps><itemLocation><linkage Sync="TRUE">file://\\W541CD2S\G$\My_PROJECT\Data\GIS\FINAL CATCHMENT BOUNDARIES\corin_catchment_null</linkage><protocol Sync="TRUE">Local Area Network</protocol></itemLocation></itemProps><copyHistory><copy source="G:\My_PROJECT\Data\GIS\corin_catchment\corin_catchment_null" dest="\\W541CD2S\G$\My_PROJECT\Data\GIS\FINAL CATCHMENT BOUNDARIES\corin_catchment_null" date="20120907" time="10281000"></copy></copyHistory></DataProperties><ArcGISFormat>1.0</ArcGISFormat></Esri></metadata>
